Time,x-Force,y-Force,z-Force,Fp_x,Fp_y,Fp_z,Fv_x,Fv_y,Fv_z
0.99999999999998E+00001, 0.32972510725712E-00001, 0.17570181103236E+00000, 0.26101587881126E-00015, 0.13836969744113E-00001, 0.17266366997869E+00000, -.25387906190682E-00017, 0.19135540981598E-00001, 0.30381410536723E-00002, 0.26355466943033E-00015
